﻿Building_Name,Month,Usage,co2_emissions
Aquatic Center,July ,48701,18077.8112
Aquatic Center,august,47788,17738.9056
Aquatic Center,september,77565,28792.128
Aquatic Center,october,64486,23937.2032
Aquatic Center,november,73772,27384.1664
Aquatic Center,december,66388,24643.2256
Aquatic Center,january,68008,25244.5696
Aquatic Center,febuary,70485,26164.032
Aquatic Center,march,78804,29252.0448
Aquatic Center,april,74949,27821.0688
Aquatic Center,may,67591,25089.7792
Aquatic Center,June,68296,25351.4752
Baker House,July ,3213,1192.6656
Baker House,august,2966,1100.9792
Baker House,september,2919,1083.5328
Baker House,october,1975,733.12
Baker House,november,1921,713.0752
Baker House,december,2086,774.3232
Baker House,january,2040,757.248
Baker House,febuary,2529,938.7648
Baker House,march,1825,677.44
Baker House,april,1788,663.7056
Baker House,may,1683,624.7296
Baker House,June,2468,916.1216
Child Development Center,July ,9914,3680.0768
Child Development Center,august,11488,4264.3456
Child Development Center,september,10540,3912.448
Child Development Center,october,8002,2970.3424
Child Development Center,november,10119,3756.1728
Child Development Center,december,15759,5849.7408
Child Development Center,january,16848,6253.9776
Child Development Center,febuary,19804,7351.2448
Child Development Center,march,12179,4520.8448
Child Development Center,april,9417,3495.5904
Child Development Center,may,8473,3145.1776
Child Development Center,June,9963,3698.2656
Concert Hall,July ,36974,13724.7488
Concert Hall,august,44960,16689.152
Concert Hall,september,65272,24228.9664
Concert Hall,october,62754,23294.2848
Concert Hall,november,70427,26142.5024
Concert Hall,december,54142,20097.5104
Concert Hall,january,52580,19517.696
Concert Hall,febuary,61312,22759.0144
Concert Hall,march,67524,25064.9088
Concert Hall,april,65411,24280.5632
Concert Hall,may,54285,20150.592
Concert Hall,June,48326,17938.6112
EagleBank Arena,July ,95179,35330.4448
EagleBank Arena,august,100941,37469.2992
EagleBank Arena,september,155078,57564.9536
EagleBank Arena,october,144088,53485.4656
EagleBank Arena,november,187097,69450.4064
EagleBank Arena,december,162340,60260.608
EagleBank Arena,january,157117,58321.8304
EagleBank Arena,febuary,174965,64947.008
EagleBank Arena,march,148479,55115.4048
EagleBank Arena,april,160896,59724.5952
EagleBank Arena,may,149228,55393.4336
EagleBank Arena,June,158063,58672.9856
Field House Athletic & Stadium,July ,96440,35798.528
Field House Athletic & Stadium,august,91016,33785.1392
Field House Athletic & Stadium,september,111872,41526.8864
Field House Athletic & Stadium,october,98584,36594.3808
Field House Athletic & Stadium,november,107816,40021.2992
Field House Athletic & Stadium,december,88888,32995.2256
Field House Athletic & Stadium,january,93168,34583.9616
Field House Athletic & Stadium,febuary,95200,35338.24
Field House Athletic & Stadium,march,123360,45791.232
Field House Athletic & Stadium,april,114440,42480.128
Field House Athletic & Stadium,may,105520,39169.024
Field House Athletic & Stadium,June,110144,40885.4528
Greenhouse,July ,3204,1189.3248
Greenhouse,august,2568,953.2416
Greenhouse,september,2883,1070.1696
Greenhouse,october,1929,716.0448
Greenhouse,november,2570,953.984
Greenhouse,december,2058,763.9296
Greenhouse,january,1889,701.1968
Greenhouse,febuary,1993,739.8016
Greenhouse,march,2420,898.304
Greenhouse,april,2407,893.4784
Greenhouse,may,2325,863.04
Greenhouse,June,3034,1126.2208
Johnson Center,July ,387697,143913.1264
Johnson Center,august,399481,148287.3472
Johnson Center,september,486948,180755.0976
Johnson Center,october,408399,151597.7088
Johnson Center,november,475548,176523.4176
Johnson Center,december,360398,133779.7376
Johnson Center,january,369308,137087.1296
Johnson Center,febuary,399043,148124.7616
Johnson Center,march,442254,164164.6848
Johnson Center,april,426555,158337.216
Johnson Center,may,421352,156405.8624
Johnson Center,June,424092,157422.9504
Mason Club ,July ,33294,12358.7328
Mason Club ,august,3722,1381.6064
Mason Club ,september,4326,1605.8112
Mason Club ,october,3569,1324.8128
Mason Club ,november,3671,1362.6752
Mason Club ,december,3370,1250.944
Mason Club ,january,3473,1289.1776
Mason Club ,febuary,3943,1463.6416
Mason Club ,march,3803,1411.6736
Mason Club ,april,3270,1213.824
Mason Club ,may,2955,1096.896
Mason Club ,June,2948,1094.2976
Mason Global Center,July ,343679,127573.6448
Mason Global Center,august,294675,109383.36
Mason Global Center,september,257753,95677.9136
Mason Global Center,october,205180,76162.816
Mason Global Center,november,242121,89875.3152
Mason Global Center,december,206300,76578.56
Mason Global Center,january,204047,75742.2464
Mason Global Center,febuary,248115,92100.288
Mason Global Center,march,242616,90059.0592
Mason Global Center,april,198218,73578.5216
Mason Global Center,may,218975,81283.52
Mason Global Center,June,256502,95213.5424
Mason Pond Parking Deck,July ,30860,11455.232
Mason Pond Parking Deck,august,27941,10371.6992
Mason Pond Parking Deck,september,32561,12086.6432
Mason Pond Parking Deck,october,29478,10942.2336
Mason Pond Parking Deck,november,35484,13171.6608
Mason Pond Parking Deck,december,32857,12196.5184
Mason Pond Parking Deck,january,33805,12548.416
Mason Pond Parking Deck,febuary,34821,12925.5552
Mason Pond Parking Deck,march,34343,12748.1216
Mason Pond Parking Deck,april,32053,11898.0736
Mason Pond Parking Deck,may,29337,10889.8944
Mason Pond Parking Deck,June,29142,10817.5104
Potomac Heights,July ,70742,26259.4304
Potomac Heights,august,76062,28234.2144
Potomac Heights,september,107580,39933.696
Potomac Heights,october,91071,33805.5552
Potomac Heights,november,101967,37850.1504
Potomac Heights,december,81117,30110.6304
Potomac Heights,january,79175,29389.76
Potomac Heights,febuary,93258,34617.3696
Potomac Heights,march,95353,35395.0336
Potomac Heights,april,90878,33733.9136
Potomac Heights,may,79813,29626.5856
Potomac Heights,June,73740,27372.288
Rappahanock River PD,July ,56739,21061.5168
Rappahanock River PD,august,51927,19275.3024
Rappahanock River PD,september,60225,22355.52
Rappahanock River PD,october,54554,20250.4448
Rappahanock River PD,november,65387,24271.6544
Rappahanock River PD,december,62497,23198.8864
Rappahanock River PD,january,62381,23155.8272
Rappahanock River PD,febuary,64204,23832.5248
Rappahanock River PD,march,64067,23781.6704
Rappahanock River PD,april,49934,18535.5008
Rappahanock River PD,may,40939,15196.5568
Rappahanock River PD,June,36026,13372.8512
Shenandoah PD,July ,25523,9474.1376
Shenandoah PD,august,23113,8579.5456
Shenandoah PD,september,26679,9903.2448
Shenandoah PD,october,24290,9016.448
Shenandoah PD,november,27945,10373.184
Shenandoah PD,december,25283,9385.0496
Shenandoah PD,january,25112,9321.5744
Shenandoah PD,febuary,26544,9853.1328
Shenandoah PD,march,26104,9689.8048
Shenandoah PD,april,24603,9132.6336
Shenandoah PD,may,24180,8975.616
Shenandoah PD,June,24000,8908.8
Student Union I,July ,85163,31612.5056
Student Union I,august,90889,33737.9968
Student Union I,september,108590,40308.608
Student Union I,october,95391,35409.1392
Student Union I,november,111088,41235.8656
Student Union I,december,96458,35805.2096
Student Union I,january,97643,36245.0816
Student Union I,febuary,100558,37327.1296
Student Union I,march,95093,35298.5216
Student Union I,april,88297,32775.8464
Student Union I,may,87232,32380.5184
Student Union I,June,95842,35576.5504
Southside Dining,July ,93164,34582.4768
Southside Dining,august,124383,46170.9696
Southside Dining,september,209851,77896.6912
Southside Dining,october,185822,68977.1264
Southside Dining,november,211148,78378.1376
Southside Dining,december,137087,50886.6944
Southside Dining,january,115778,42976.7936
Southside Dining,febuary,187861,69734.0032
Southside Dining,march,199782,74159.0784
Southside Dining,april,185716,68937.7792
Southside Dining,may,128394,47659.8528
Southside Dining,June,107611,39945.2032
The Hub,July ,51027,18941.2224
The Hub,august,54846,20358.8352
The Hub,september,72528,26922.3936
The Hub,october,65652,24370.0224
The Hub,november,77005,28584.256
The Hub,december,58010,21533.312
The Hub,january,55604,20640.2048
The Hub,febuary,63328,23507.3536
The Hub,march,64763,24040.0256
The Hub,april,61748,22920.8576
The Hub,may,69342,25739.7504
The Hub,June,63251,23478.7712
West Campus Parking  ELEC,July ,2700,1002.24
West Campus Parking  ELEC,august,2740,1017.088
West Campus Parking  ELEC,september,3460,1284.352
West Campus Parking  ELEC,october,3360,1247.232
West Campus Parking  ELEC,november,3800,1410.56
West Campus Parking  ELEC,december,4940,1833.728
West Campus Parking  ELEC,january,4040,1499.648
West Campus Parking  ELEC,febuary,3820,1417.984
West Campus Parking  ELEC,march,3660,1358.592
West Campus Parking  ELEC,april,3160,1172.992
West Campus Parking  ELEC,may,2820,1046.784
West Campus Parking  ELEC,June,2760,1024.512
West Campus Maintenance Bldg ELEC,July ,340,126.208
West Campus Maintenance Bldg ELEC,august,320,118.784
West Campus Maintenance Bldg ELEC,september,400,148.48
West Campus Maintenance Bldg ELEC,october,360,133.632
West Campus Maintenance Bldg ELEC,november,1860,690.432
West Campus Maintenance Bldg ELEC,december,2200,816.64
West Campus Maintenance Bldg ELEC,january,2600,965.12
West Campus Maintenance Bldg ELEC,febuary,3700,1373.44
West Campus Maintenance Bldg ELEC,march,3300,1224.96
West Campus Maintenance Bldg ELEC,april,1680,623.616
West Campus Maintenance Bldg ELEC,may,360,133.632
West Campus Maintenance Bldg ELEC,June,340,126.208