﻿2022 Month,Fleet,Gallons,kgs_co2_emissions,pounds_co2_emissions
january,E85 Fleet,52.66666667,453.62,999.77
febuary,E85 Fleet,52.66666667,453.62,1999.54
march,E85 Fleet,52.66666667,453.62,2999.31
april,E85 Fleet,52.66666667,453.62,3999.08
may,E85 Fleet,52.66666667,453.62,4998.85
June,E85 Fleet,52.66666667,453.62,5998.62
July ,E85 Fleet,52.66666667,453.62,6998.39
august,E85 Fleet,52.66666667,453.62,7998.16
september,E85 Fleet,52.66666667,453.62,8997.93
october,E85 Fleet,52.66666667,453.62,9997.70
november,E85 Fleet,52.66666667,453.62,10997.47
december,E85 Fleet,52.66666667,453.62,11997.24
january,Diesel Fleet,4436.5,44808.65,98758.26
febuary,Diesel Fleet,4436.5,44808.65,197516.52
march,Diesel Fleet,4436.5,44808.65,296274.78
april,Diesel Fleet,4436.5,44808.65,395033.04
may,Diesel Fleet,4436.5,44808.65,493791.30
June,Diesel Fleet,4436.5,44808.65,592549.56
July ,Diesel Fleet,4436.5,44808.65,691307.82
august,Diesel Fleet,4436.5,44808.65,790066.08
september,Diesel Fleet,4436.5,44808.65,888824.34
october,Diesel Fleet,4436.5,44808.65,987582.60
november,Diesel Fleet,4436.5,44808.65,1086340.86
december,Diesel Fleet,4436.5,44808.65,1185099.12
january,Gasoline Fleet,7410.5,65212.40,143728.13
febuary,Gasoline Fleet,7410.5,65212.40,287456.26
march,Gasoline Fleet,7410.5,65212.40,431184.39
april,Gasoline Fleet,7410.5,65212.40,574912.52
may,Gasoline Fleet,7410.5,65212.40,718640.65
June,Gasoline Fleet,7410.5,65212.40,862368.78
July ,Gasoline Fleet,7410.5,65212.40,1006096.91
august,Gasoline Fleet,7410.5,65212.40,1149825.04
september,Gasoline Fleet,7410.5,65212.40,1293553.17
october,Gasoline Fleet,7410.5,65212.40,1437281.30
november,Gasoline Fleet,7410.5,65212.40,1581009.43
december,Gasoline Fleet,7410.5,65212.40,1724737.56
january,CNG Fleet,78.93333333,486.23,1071.65
febuary,CNG Fleet,78.93333333,486.23,2143.30
march,CNG Fleet,78.93333333,486.23,3214.95
april,CNG Fleet,78.93333333,486.23,4286.60
may,CNG Fleet,78.93333333,486.23,5358.25
June,CNG Fleet,78.93333333,486.23,6429.90
July ,CNG Fleet,78.93333333,486.23,7501.55
august,CNG Fleet,78.93333333,486.23,8573.20
september,CNG Fleet,78.93333333,486.23,9644.85
october,CNG Fleet,78.93333333,486.23,10716.50
november,CNG Fleet,78.93333333,486.23,11788.15
december,CNG Fleet,78.93333333,486.23,12859.80