﻿Building_Name,Usable_Area,Month,Usage_therms,co2_emissions,pounds of co2 emitted/usable area
Aquatic Center,81576,July ,0,0,0
Aquatic Center,81576,august,0,0,0
Aquatic Center,81576,september,0,0,0
Aquatic Center,81576,october,660,7920,0.0971
Aquatic Center,81576,november,540,6480,0.0794
Aquatic Center,81576,december,0,0,0
Aquatic Center,81576,january,0,0,0
Aquatic Center,81576,febuary,0,0,0
Aquatic Center,81576,march,0,0,0
Aquatic Center,81576,april,0,0,0
Aquatic Center,81576,may,0,0,0
Aquatic Center,81576,June,110,1320,0.0162
Baker House,,July ,30,360,
Baker House,,august,0,0,
Baker House,,september,10,120,
Baker House,,october,40,480,
Baker House,,november,150,1800,
Baker House,,december,190,2280,
Baker House,,january,170,2040,
Baker House,,febuary,170,2040,
Baker House,,march,100,1200,
Baker House,,april,70,840,
Baker House,,may,0,0,
Baker House,,June,50,600,
Field House,122991,July ,"1,240",14880,0.120984462
Field House,122991,august,"1,510",18120,0.147327853
Field House,122991,september,"1,490",17880,0.145376491
Field House,122991,october,"3,760",45120,0.366856111
Field House,122991,november,"5,800",69600,0.565895065
Field House,122991,december,"7,900",94800,0.770788106
Field House,122991,january,"8,560",102720,0.835183062
Field House,122991,febuary,"6,920",83040,0.675171354
Field House,122991,march,"4,150",49800,0.404907676
Field House,122991,april,"2,690",32280,0.262458229
Field House,122991,may,"1,850",22200,0.180501012
Field House,122991,June,760,9120,0.074151767
Greenhouse,1305,July ,0,0,0
Greenhouse,1305,august,0,0,0
Greenhouse,1305,september,20,240,0.183908046
Greenhouse,1305,october,130,1560,1.195402299
Greenhouse,1305,november,200,2400,1.83908046
Greenhouse,1305,december,420,5040,3.862068966
Greenhouse,1305,january,410,4920,3.770114943
Greenhouse,1305,febuary,320,3840,2.942528736
Greenhouse,1305,march,180,2160,1.655172414
Greenhouse,1305,april,50,600,0.459770115
Greenhouse,1305,may,30,360,0.275862069
Greenhouse,1305,June,0,0,0
Johnson Center,305053,July ,0,0,0
Johnson Center,305053,august,980,11760,0.038550678
Johnson Center,305053,september,"2,650",31800,0.104244181
Johnson Center,305053,october,"3,260",39120,0.128240011
Johnson Center,305053,november,"1,680",20160,0.066086877
Johnson Center,305053,december,60,720,0.002360246
Johnson Center,305053,january,"2,080",24960,0.081821847
Johnson Center,305053,febuary,570,6840,0.022422333
Johnson Center,305053,march,690,8280,0.027142824
Johnson Center,305053,april,240,2880,0.009440982
Johnson Center,305053,may,"1,750",21000,0.068840497
Johnson Center,305053,June,270,3240,0.010621105
Mason Club,,July ,30,360,
Mason Club,,august,30,360,
Mason Club,,september,30,360,
Mason Club,,october,40,480,
Mason Club,,november,250,3000,
Mason Club,,december,30,360,
Mason Club,,january,210,2520,
Mason Club,,febuary,30,360,
Mason Club,,march,30,360,
Mason Club,,april,30,360,
Mason Club,,may,370,4440,
Mason Club,,June,20,240,
Mason Global Center,,July ,"5,640",67680,
Mason Global Center,,august,"5,480",65760,
Mason Global Center,,september,"6,700",80400,
Mason Global Center,,october,"6,700",80400,
Mason Global Center,,november,"7,750",93000,
Mason Global Center,,december,"11,760",141120,
Mason Global Center,,january,"11,320",135840,
Mason Global Center,,febuary,"12,050",144600,
Mason Global Center,,march,"10,170",122040,
Mason Global Center,,april,"6,980",83760,
Mason Global Center,,may,"6,390",76680,
Mason Global Center,,June,"6,590",79080,
Southside Dining,32713,July ,740,8880,0.271451716
Southside Dining,32713,august,800,9600,0.293461315
Southside Dining,32713,september,850,10200,0.311802647
Southside Dining,32713,october,630,7560,0.231100786
Southside Dining,32713,november,"1,920",23040,0.704307156
Southside Dining,32713,december,590,7080,0.21642772
Southside Dining,32713,january,530,6360,0.194418121
Southside Dining,32713,febuary,540,6480,0.198086388
Southside Dining,32713,march,"1,620",19440,0.594259163
Southside Dining,32713,april,"1,070",12840,0.392504509
Southside Dining,32713,may,740,8880,0.271451716
Southside Dining,32713,June,770,9240,0.282456516
Carty House GAS,45276,July ,0,0,0
Carty House GAS,45276,august,0,0,0
Carty House GAS,45276,september,0,0,0
Carty House GAS,45276,october,0,0,0
Carty House GAS,45276,november,30,360,0.008
Carty House GAS,45276,december,170,2040,0.045
Carty House GAS,45276,january,210,2520,0.056
Carty House GAS,45276,febuary,180,2160,0.048
Carty House GAS,45276,march,90,1080,0.024
Carty House GAS,45276,april,50,600,0.013
Carty House GAS,45276,may,0,0,0
Carty House GAS,45276,June,0,0,0
Facilities Management GAS,143850,July ,100,1200,0.008
Facilities Management GAS,143850,august,20,240,0.002
Facilities Management GAS,143850,september,190,2280,0.016
Facilities Management GAS,143850,october,390,4680,0.033
Facilities Management GAS,143850,november,1130,13560,0.094
Facilities Management GAS,143850,december,1120,13440,0.093
Facilities Management GAS,143850,january,1090,13080,0.091
Facilities Management GAS,143850,febuary,970,11640,0.081
Facilities Management GAS,143850,march,460,5520,0.038
Facilities Management GAS,143850,april,280,3360,0.023
Facilities Management GAS,143850,may,120,1440,0.01
Facilities Management GAS,143850,June,100,1200,0.008
Fenwick Library GAS,3784914,July ,0,0,0
Fenwick Library GAS,3784914,august,0,0,0
Fenwick Library GAS,3784914,september,260,3120,0.001
Fenwick Library GAS,3784914,october,1010,12120,0.003
Fenwick Library GAS,3784914,november,3160,37920,0.01
Fenwick Library GAS,3784914,december,3950,47400,0.013
Fenwick Library GAS,3784914,january,3700,44400,0.012
Fenwick Library GAS,3784914,febuary,3860,46320,0.012
Fenwick Library GAS,3784914,march,2180,26160,0.007
Fenwick Library GAS,3784914,april,860,10320,0.003
Fenwick Library GAS,3784914,may,60,720,0
Fenwick Library GAS,3784914,June,30,360,0
Krasnow Institute GAS,635166,July ,0,0,0
Krasnow Institute GAS,635166,august,0,0,0
Krasnow Institute GAS,635166,september,0,0,0
Krasnow Institute GAS,635166,october,0,0,0
Krasnow Institute GAS,635166,november,0,0,0
Krasnow Institute GAS,635166,december,0,0,0
Krasnow Institute GAS,635166,january,0,0,0
Krasnow Institute GAS,635166,febuary,0,0,0
Krasnow Institute GAS,635166,march,0,0,0
Krasnow Institute GAS,635166,april,0,0,0
Krasnow Institute GAS,635166,may,0,0,0
Krasnow Institute GAS,635166,June,0,0,0
Mathy House GAS,167958,July ,60,720,0.004
Mathy House GAS,167958,august,30,360,0.002
Mathy House GAS,167958,september,110,1320,0.008
Mathy House GAS,167958,october,210,2520,0.015
Mathy House GAS,167958,november,350,4200,0.025
Mathy House GAS,167958,december,560,6720,0.04
Mathy House GAS,167958,january,590,7080,0.042
Mathy House GAS,167958,febuary,530,6360,0.038
Mathy House GAS,167958,march,310,3720,0.022
Mathy House GAS,167958,april,140,1680,0.01
Mathy House GAS,167958,may,80,960,0.006
Mathy House GAS,167958,June,30,360,0.002
Peterson Family Health Building-GAS,2017554,July ,0,0,0
Peterson Family Health Building-GAS,2017554,august,50,600,0
Peterson Family Health Building-GAS,2017554,september,160,1920,0.001
Peterson Family Health Building-GAS,2017554,october,240,2880,0.001
Peterson Family Health Building-GAS,2017554,november,190,2280,0.001
Peterson Family Health Building-GAS,2017554,december,10,120,0
Peterson Family Health Building-GAS,2017554,january,230,2760,0.001
Peterson Family Health Building-GAS,2017554,febuary,90,1080,0.001
Peterson Family Health Building-GAS,2017554,march,130,1560,0.001
Peterson Family Health Building-GAS,2017554,april,130,1560,0.001
Peterson Family Health Building-GAS,2017554,may,10,120,0
Peterson Family Health Building-GAS,2017554,June,0,0,0
RAC GAS,1592024,July ,6720,80640,0.051
RAC GAS,1592024,august,8770,105240,0.066
RAC GAS,1592024,september,8150,97800,0.061
RAC GAS,1592024,october,9550,114600,0.072
RAC GAS,1592024,november,7990,95880,0.06
RAC GAS,1592024,december,10250,123000,0.077
RAC GAS,1592024,january,10970,131640,0.083
RAC GAS,1592024,febuary,9220,110640,0.069
RAC GAS,1592024,march,6640,79680,0.05
RAC GAS,1592024,april,5140,61680,0.039
RAC GAS,1592024,may,5660,67920,0.043
RAC GAS,1592024,June,3550,42600,0.027
Roberts House GAS,60032,July ,10,120,0.002
Roberts House GAS,60032,august,0,0,0
Roberts House GAS,60032,september,100,1200,0.02
Roberts House GAS,60032,october,100,1200,0.02
Roberts House GAS,60032,november,190,2280,0.038
Roberts House GAS,60032,december,330,3960,0.066
Roberts House GAS,60032,january,350,4200,0.07
Roberts House GAS,60032,febuary,300,3600,0.06
Roberts House GAS,60032,march,190,2280,0.038
Roberts House GAS,60032,april,50,600,0.01
Roberts House GAS,60032,may,190,2280,0.038
Roberts House GAS,60032,June,50,600,0.01
Tallwood Annex GAS,37282,July ,0,0,0
Tallwood Annex GAS,37282,august,0,0,0
Tallwood Annex GAS,37282,september,0,0,0
Tallwood Annex GAS,37282,october,60,720,0.019
Tallwood Annex GAS,37282,november,250,3000,0.08
Tallwood Annex GAS,37282,december,360,4320,0.116
Tallwood Annex GAS,37282,january,370,4440,0.119
Tallwood Annex GAS,37282,febuary,350,4200,0.113
Tallwood Annex GAS,37282,march,250,3000,0.08
Tallwood Annex GAS,37282,april,120,1440,0.039
Tallwood Annex GAS,37282,may,0,0,0
Tallwood Annex GAS,37282,June,0,0,0
Tallwood Cottage GAS,13496,July ,0,0,0
Tallwood Cottage GAS,13496,august,0,0,0
Tallwood Cottage GAS,13496,september,0,0,0
Tallwood Cottage GAS,13496,october,10,120,0.009
Tallwood Cottage GAS,13496,november,90,1080,0.08
Tallwood Cottage GAS,13496,december,140,1680,0.124
Tallwood Cottage GAS,13496,january,150,1800,0.133
Tallwood Cottage GAS,13496,febuary,140,1680,0.124
Tallwood Cottage GAS,13496,march,80,960,0.071
Tallwood Cottage GAS,13496,april,30,360,0.027
Tallwood Cottage GAS,13496,may,0,0,0
Tallwood Cottage GAS,13496,June,0,0,0
Thompson Hall GAS,922334,July ,1750,21000,0.023
Thompson Hall GAS,922334,august,1900,22800,0.025
Thompson Hall GAS,922334,september,3940,47280,0.051
Thompson Hall GAS,922334,october,5910,70920,0.077
Thompson Hall GAS,922334,november,7750,93000,0.101
Thompson Hall GAS,922334,december,12980,155760,0.169
Thompson Hall GAS,922334,january,13040,156480,0.17
Thompson Hall GAS,922334,febuary,9680,116160,0.126
Thompson Hall GAS,922334,march,12100,145200,0.157
Thompson Hall GAS,922334,april,4900,58800,0.064
Thompson Hall GAS,922334,may,3710,44520,0.048
Thompson Hall GAS,922334,June,2490,29880,0.032
Northern Neck,1510474,July ,0,0,0
Northern Neck,1510474,august,10,120,0.00008
Northern Neck,1510474,september,20,240,0.00016
Northern Neck,1510474,october,20,240,0.00016
Northern Neck,1510474,november,40,480,0.00032
Northern Neck,1510474,december,10,120,0.00008
Northern Neck,1510474,january,40,480,0.00032
Northern Neck,1510474,febuary,20,240,0.00016
Northern Neck,1510474,march,20,240,0.00016
Northern Neck,1510474,april,0,0,0
Northern Neck,1510474,may,0,0,0
Northern Neck,1510474,June,0,0,0
CHCP,,July ,"12,035",1539635.788,
CHCP,,august,"15,502",1983168.591,
CHCP,,september,"19,038",2435528.553,
CHCP,,october,"25,138",3215900.66,
CHCP,,november,"32,266",4127784.656,
CHCP,,december,"42,056",5380217.923,
CHCP,,january,"44,331",5671258.34,
CHCP,,febuary,"39,160",5009733.067,
CHCP,,march,"29,996",3837383.889,
CHCP,,april,"23,035",2946864.178,
CHCP,,may,"18,389",2352502.078,
CHCP,,June,"13,269",1697501.227,
Manhattan Pizza GAS,,July ,0,0,
Manhattan Pizza GAS,,august,370,4440,
Manhattan Pizza GAS,,september,3136.7,37640.4,
Manhattan Pizza GAS,,october,730,8760,
Manhattan Pizza GAS,,november,520,6240,
Manhattan Pizza GAS,,december,215,2580,
Manhattan Pizza GAS,,january,60,720,
Manhattan Pizza GAS,,febuary,380,4560,
Manhattan Pizza GAS,,march,385,4620,
Manhattan Pizza GAS,,april,385,4620,
Manhattan Pizza GAS,,may,355,4260,
Manhattan Pizza GAS,,June,0,0,
Panda Express GAS,,July ,0,0,
Panda Express GAS,,august,370,4440,
Panda Express GAS,,september,3136.7,37640.4,
Panda Express GAS,,october,730,8760,
Panda Express GAS,,november,520,6240,
Panda Express GAS,,december,215,2580,
Panda Express GAS,,january,60,720,
Panda Express GAS,,febuary,380,4560,
Panda Express GAS,,march,385,4620,
Panda Express GAS,,april,385,4620,
Panda Express GAS,,may,355,4260,
Panda Express GAS,,June,0,0,